Domain,Status,Attractiveness,Demand,Length,Sectors,Created,Expires,Registrar
one.phd,available,132,43%,3,"Business,General,Media,Technology",,,
brief.phd,available,124,19%,5,"Business,Education,General,Law",,,
second.phd,available,120,23%,6,"General,Mathematics",,,
complete.phd,available,120,21%,8,"Manufacturing,Retail,Technology",,,
wizard.phd,available,118,42%,6,"Entertainment,Media,Technology",,,
tenth.phd,available,116,7%,5,Mathematics,,,
equal.phd,available,116,19%,5,"Education,General,Law",,,
flat.phd,available,116,23%,4,"Construction,Real Estate",,,
tonic.phd,available,114,22%,5,"Health and Fitness,Medicine,Science",,,
acute.phd,available,112,9%,5,"Mathematics,Medicine,Science",,,
zero.phd,available,112,49%,4,Mathematics,,,
hotshot.phd,available,112,14%,7,"Business,Entertainment,Sports",,,
above.phd,available,112,22%,5,Business,,,
abstract.phd,available,108,29%,8,"Arts,Humanities,Science",,,
abiding.phd,available,106,5%,7,"General,Religion",,,
teen.phd,available,104,14%,4,"Education,Entertainment,Healthcare",,,
active.phd,available,104,27%,6,"Health and Fitness,Sports,Travel",,,
expert.phd,available,104,26%,6,"Business,Education,Technology",,,
eight.phd,available,102,23%,5,"General,Mathematics",,,
extra.phd,available,102,26%,5,"Fashion,Retail,Technology",,,
captive.phd,available,102,14%,7,"Entertainment,Hospitality,Technology",,,
absent.phd,available,102,8%,6,"Business,Education,Technology",,,
ninth.phd,available,100,9%,5,Mathematics,,,
whiz.phd,available,100,12%,4,"Business,Education,Technology",,,
adjunct.phd,available,100,5%,7,Education,,,
remove.phd,available,100,13%,6,"Construction,Manufacturing,Technology",,,
abrupt.phd,available,100,3%,6,"Medicine,Science",,,
eighth.phd,available,100,6%,6,Mathematics,,,
crack.phd,available,100,20%,5,Sports,,,
third.phd,available,100,15%,5,Mathematics,,,
sixth.phd,available,100,8%,5,Mathematics,,,
whizz.phd,available,98,11%,5,"Business,Education,Technology",,,
genius.phd,available,98,46%,6,"Arts,Education,Technology",,,
forgiving.phd,available,96,3%,9,"Healthcare,Religion",,,
alamode.phd,available,96,12%,9,Fashion,,,
doable.phd,available,96,9%,6,"Business,Education,Technology",,,
academic.phd,available,96,20%,8,"Education,Humanities,Science",,,
actual.phd,available,96,22%,6,"Real Estate,Retail,Technology",,,
about.phd,available,94,28%,5,"Business,General,Media,Technology",,,
around.phd,available,94,22%,6,"Business,General,Media,Technology",,,
adequate.phd,available,94,9%,8,"Education,Healthcare,Technology",,,
virtuoso.phd,available,94,16%,8,"Arts,Entertainment",,,
abject.phd,available,94,7%,6,Humanities,,,
adept.phd,available,92,24%,5,"Education,Health and Fitness,Sports",,,
nought.phd,available,92,4%,6,Mathematics,,,
abroad.phd,available,92,12%,6,"Hospitality,Travel",,,
neutral.phd,available,92,20%,7,"Business,Media,Politics",,,
next.phd,available,92,43%,4,"Retail,Technology,Transportation",,,
adjective.phd,available,92,5%,9,Education,,,
exemplary.phd,available,92,5%,9,"Business,Education,Healthcare",,,
twentieth.phd,available,92,3%,9,Mathematics,,,
derelict.phd,available,92,7%,8,"Construction,Real Estate",,,
addictive.phd,available,90,9%,9,Healthcare,,,
endearing.phd,available,90,1%,9,"Entertainment,Fashion,Retail",,,
clear.phd,available,90,47%,5,"Manufacturing,Retail,Technology",,,
abortive.phd,available,90,1%,8,"Medicine,Science",,,
adoring.phd,available,90,2%,7,"Entertainment,Fashion,Retail",,,
riveting.phd,available,90,6%,8,"Entertainment,Media,Technology",,,
leash.phd,available,90,7%,5,"General,Health and Fitness,Retail",,,
additional.phd,available,90,8%,10,"Fashion,Retail,Technology",,,
gripping.phd,available,90,3%,8,"Entertainment,Media,Technology",,,
activist.phd,available,88,12%,8,"Humanities,Politics",,,
actionable.phd,available,88,13%,10,"Business,Law",,,
twelve.phd,available,88,18%,6,"General,Mathematics",,,
ace.phd,available,88,34%,3,Sports,,,
ten.phd,available,88,27%,3,"General,Mathematics",,,
three.phd,available,88,23%,5,Mathematics,,,
fifteen.phd,available,88,13%,7,Mathematics,,,
wide.phd,available,88,18%,4,"Business,Media,Technology",,,
proficient.phd,available,88,8%,10,"Education,Health and Fitness,Sports",,,
eleven.phd,available,88,32%,6,Mathematics,,,
adlib.phd,available,88,7%,6,Entertainment,,,
sixteen.phd,available,88,10%,7,Mathematics,,,
hundred.phd,available,88,13%,7,Mathematics,,,
attendant.phd,available,86,5%,9,"Healthcare,Hospitality,Transportation",,,
xiv.phd,available,86,12%,3,Mathematics,,,
intent.phd,available,86,25%,6,"Business,Education,Technology",,,
engrossing.phd,available,86,0%,10,"Entertainment,Media,Technology",,,
cipher.phd,available,86,29%,6,Mathematics,,,
recondite.phd,available,86,4%,9,"Arts,Humanities,Science",,,
extempore.phd,available,86,3%,9,Entertainment,,,
aboriginal.phd,available,86,10%,10,Humanities,,,
star.phd,available,86,40%,4,"Entertainment,Media,Sports",,,
adolescent.phd,available,86,3%,10,"Education,Entertainment,Healthcare",,,
xix.phd,available,86,10%,3,Mathematics,,,
accessory.phd,available,84,8%,9,"Fashion,Retail,Technology",,,
grand.phd,available,84,25%,5,"Finance,General",,,
adjustable.phd,available,84,3%,10,"Manufacturing,Retail,Technology",,,
seventeen.phd,available,84,7%,9,Mathematics,,,
thirteen.phd,available,84,10%,8,Mathematics,,,
nineteen.phd,available,84,8%,8,Mathematics,,,
twentytwo.phd,available,84,10%,10,Mathematics,,,
fourteen.phd,available,84,8%,8,Mathematics,,,
sharp.phd,available,84,34%,5,"Arts,Fashion",,,
deviate.phd,available,84,12%,7,"Medicine,Science",,,
acting.phd,available,84,12%,6,Entertainment,,,
thousand.phd,available,84,8%,8,Mathematics,,,
twentyone.phd,available,84,13%,10,Mathematics,,,
fivesome.phd,available,82,1%,8,Sports,,,
cleansing.phd,available,82,3%,9,Health and Fitness,,,
abkhaz.phd,available,82,1%,6,Geography,,,
good.phd,available,82,47%,4,"Food and Beverage,General,Health and Fitness,Retail",,,
decade.phd,available,82,10%,6,Mathematics,,,
enduring.phd,available,82,9%,8,"Health and Fitness,Religion",,,
impromptu.phd,available,82,16%,9,Entertainment,,,
absorbent.phd,available,82,3%,9,"Healthcare,Manufacturing,Retail",,,
dozen.phd,available,82,10%,5,Mathematics,,,
altered.phd,available,82,9%,7,"Medicine,Science",,,
abroach.phd,available,82,1%,7,Food and Beverage,,,
abdominal.phd,available,82,1%,9,"Health and Fitness,Medicine",,,
abenaki.phd,available,82,2%,7,Geography,,,
capable.phd,available,80,12%,7,"Business,Education,Technology",,,
abundant.phd,available,80,19%,8,"Agriculture,Manufacturing,Retail",,,
worshipful.phd,available,80,1%,10,"Education,Healthcare,Religion",,,
able.phd,available,80,29%,4,"Business,Education,General,Technology",,,
absolute.phd,available,80,25%,8,"Engineering,Mathematics,Science",,,
nine.phd,available,80,24%,4,"General,Mathematics",,,
some.phd,available,80,32%,4,"Business,Media,Retail",,,
wiz.phd,available,80,30%,3,"Business,Education,Technology",,,
trio.phd,available,80,21%,4,Entertainment,,,
superstar.phd,available,80,18%,9,Entertainment,,,
first.phd,available,80,34%,5,"General,Mathematics",,,
sequent.phd,available,80,7%,7,"Healthcare,Insurance,Transportation",,,
forty.phd,available,80,9%,5,Mathematics,,,
twenty.phd,available,80,12%,6,Mathematics,,,
adoptable.phd,available,80,3%,9,"Education,Healthcare",,,
yard.phd,available,80,25%,4,"Construction,General",,,
seventh.phd,available,80,10%,7,Mathematics,,,
two.phd,available,80,23%,3,Mathematics,,,
dorsal.phd,available,80,6%,6,"Medicine,Science",,,
absorbable.phd,available,80,0%,10,"Healthcare,Pharmaceuticals,Science",,,
absurd.phd,available,80,16%,6,"Arts,Entertainment,Media",,,
acceptant.phd,available,78,1%,9,"Education,Healthcare",,,
honestly.phd,available,78,9%,8,"Business,Law",,,
adorable.phd,available,78,8%,8,"Entertainment,Fashion,Retail",,,
absorptive.phd,available,78,1%,10,"Healthcare,Manufacturing,Retail",,,
low.phd,available,78,20%,3,"Business,Finance",,,
twentysix.phd,available,78,8%,10,Mathematics,,,
accessible.phd,available,78,21%,10,"Healthcare,Retail,Technology",,,
recognised.phd,available,78,3%,10,"Business,Education,Technology",,,
sixtynine.phd,available,78,8%,10,Mathematics,,,
adrenal.phd,available,78,4%,7,"Education,Healthcare,Science",,,
recognized.phd,available,78,3%,10,"Business,Education,Technology",,,
abounding.phd,available,78,2%,9,Agriculture,,,
accurate.phd,available,78,16%,8,"Engineering,Mathematics,Science",,,
abkhasian.phd,available,78,1%,9,Geography,,,
abkhazian.phd,available,78,1%,9,Geography,,,
acceptable.phd,available,78,5%,10,"Business,Hospitality,Retail",,,
dormant.phd,available,78,4%,7,"Medicine,Science",,,
accidental.phd,available,78,11%,10,"Healthcare,Insurance,Transportation",,,
accepted.phd,available,78,6%,8,"Business,Education,Technology",,,
adjacent.phd,available,78,9%,8,"Construction,Real Estate,Retail",,,
athletic.phd,available,78,15%,8,"Health and Fitness,Sports",,,
thirteenth.phd,available,76,3%,10,Mathematics,,,
incidental.phd,available,76,4%,10,"Healthcare,Insurance,Transportation",,,
adhesive.phd,available,76,7%,8,"Construction,Manufacturing,Technology",,,
acoustic.phd,available,76,14%,8,Science,,,
energizing.phd,available,76,3%,10,"Food and Beverage,Health and Fitness,Travel",,,
improvise.phd,available,76,4%,9,Entertainment,,,
abrasive.phd,available,76,6%,8,"Construction,Manufacturing",,,
nineteenth.phd,available,76,3%,10,Mathematics,,,
ancillary.phd,available,76,6%,9,"Healthcare,Manufacturing,Technology",,,
hundredth.phd,available,76,1%,9,Mathematics,,,
eighteen.phd,available,76,7%,8,Mathematics,,,
adipose.phd,available,76,2%,7,"Healthcare,Science",,,
ventral.phd,available,76,3%,7,Science,,,
firstrate.phd,available,76,6%,10,Business,,,
addable.phd,available,76,2%,7,"Engineering,Mathematics,Science",,,
fifteenth.phd,available,76,2%,9,Mathematics,,,
diamond.phd,available,76,32%,7,Fashion,,,
adaptive.phd,available,76,28%,8,"Business,Education,Technology",,,
threed.phd,available,76,7%,7,Technology,,,
ague.phd,available,76,2%,4,"Geography,Medicine,Science",,,
thousandth.phd,available,76,1%,10,Mathematics,,,
obscene.phd,available,76,5%,7,"Entertainment,Media",,,
adaptable.phd,available,76,9%,9,"Business,Education,Technology",,,
resultant.phd,available,76,2%,9,"Healthcare,Insurance,Transportation",,,
adherent.phd,available,76,4%,8,"Politics,Religion",,,
fourteenth.phd,available,76,2%,10,Mathematics,,,
auxiliary.phd,available,76,7%,9,"Healthcare,Manufacturing,Technology",,,
acuate.phd,available,74,2%,6,"Engineering,Medicine,Science",,,
activated.phd,available,74,9%,9,"Healthcare,Manufacturing,Technology",,,
manageable.phd,available,74,4%,10,"Business,Education,Technology",,,
playing.phd,available,74,12%,7,Entertainment,,,
sensation.phd,available,74,7%,9,"Entertainment,Media,Sports",,,
adapted.phd,available,74,6%,7,"Healthcare,Manufacturing,Technology",,,
mavin.phd,available,74,7%,5,"Entertainment,Fashion,Technology",,,
aberrant.phd,available,74,6%,8,"Medicine,Science",,,
achievable.phd,available,74,4%,10,"Business,Education,Technology",,,
accepting.phd,available,74,3%,9,"Education,Healthcare",,,
adamant.phd,available,74,14%,7,Religion,,,
single.phd,available,74,19%,6,Sports,,,
realizable.phd,available,74,1%,10,"Business,Education,Technology",,,
skilful.phd,available,74,3%,7,"Education,Health and Fitness,Sports",,,
adrenergic.phd,available,74,1%,10,"Education,Healthcare,Science",,,
supra.phd,available,74,25%,5,"Medicine,Science",,,
admirable.phd,available,74,5%,9,"Business,Education,Healthcare",,,
broad.phd,available,74,13%,5,"Entertainment,General,Media",,,
adenoid.phd,available,74,1%,7,"Health and Fitness,Medicine,Science",,,
cleared.phd,available,74,7%,7,"Healthcare,Law,Transportation",,,
abnormal.phd,available,74,16%,8,"Medicine,Science",,,
liv.phd,available,72,28%,3,Mathematics,,,
champion.phd,available,72,28%,8,"Entertainment,Health and Fitness,Sports",,,
absolutist.phd,available,72,1%,10,"Humanities,Law,Politics",,,
adonic.phd,available,72,2%,6,"Arts,Education,Entertainment",,,
absorbed.phd,available,72,2%,8,"Entertainment,Media,Technology",,,
abreast.phd,available,72,2%,7,"Business,Technology",,,
ninetieth.phd,available,72,1%,9,Mathematics,,,
adjectival.phd,available,72,1%,10,Education,,,
eightieth.phd,available,72,1%,9,Mathematics,,,
aching.phd,available,72,4%,6,Healthcare,,,
deep.phd,available,72,41%,4,"Engineering,Mathematics,Science",,,
lovely.phd,available,72,26%,6,"Entertainment,Fashion,Retail",,,
existent.phd,available,72,3%,8,"Mathematics,Science",,,
sixtieth.phd,available,72,1%,8,Mathematics,,,
engrossed.phd,available,72,1%,9,"Entertainment,Media,Technology",,,
adjunctive.phd,available,72,1%,10,"Healthcare,Manufacturing,Technology",,,
accusative.phd,available,72,0%,10,"Humanities,Law",,,
adaptative.phd,available,72,1%,10,"Business,Education,Technology",,,
ablaze.phd,available,72,6%,6,Entertainment,,,
ternary.phd,available,72,7%,7,Mathematics,,,
abloom.phd,available,72,5%,6,Agriculture,,,
addicted.phd,available,72,9%,8,Healthcare,,,
seventieth.phd,available,72,1%,10,Mathematics,,,
adiabatic.phd,available,72,3%,9,"Engineering,Science",,,
trinity.phd,available,72,18%,7,Religion,,,
accustomed.phd,available,72,1%,10,"Business,Education,Humanities",,,
improvize.phd,available,72,1%,9,Entertainment,,,
tiptop.phd,available,70,24%,6,Fashion,,,
skillful.phd,available,70,9%,8,"Education,Health and Fitness,Sports",,,
acuminate.phd,available,70,1%,9,"Engineering,Medicine,Science",,,
adored.phd,available,70,6%,6,"Entertainment,Fashion,Retail",,,
admired.phd,available,70,5%,7,"Business,Education,Healthcare",,,
accumbent.phd,available,70,1%,9,"Healthcare,Medicine,Science",,,
lowdown.phd,available,70,6%,8,"Entertainment,Media",,,
recumbent.phd,available,70,2%,9,"Healthcare,Medicine,Science",,,
abradant.phd,available,70,1%,8,"Construction,Manufacturing",,,
miserable.phd,available,70,4%,9,Humanities,,,
adamantine.phd,available,70,4%,10,Religion,,,
gymnastic.phd,available,70,3%,9,"Entertainment,Sports",,,
abulic.phd,available,70,1%,6,Medicine,,,
practiced.phd,available,70,3%,9,"Education,Health and Fitness,Sports",,,
consequent.phd,available,70,3%,10,"Business,Education,General,Technology",,,
absorbing.phd,available,70,3%,9,"Entertainment,Media,Technology",,,
stillborn.phd,available,70,2%,9,"Medicine,Science",,,
offhand.phd,available,70,2%,7,Entertainment,,,
unity.phd,available,70,38%,5,Mathematics,,,
adjusted.phd,available,70,5%,8,"Manufacturing,Retail,Technology",,,
abducent.phd,available,68,0%,8,Medicine,,,
octonary.phd,available,68,1%,8,Mathematics,,,
fiftieth.phd,available,68,1%,8,Mathematics,,,
licenced.phd,available,68,2%,8,"Business,Healthcare,Insurance",,,
stygian.phd,available,68,5%,7,Humanities,,,
decorated.phd,available,68,3%,9,"Entertainment,Fashion,Retail",,,
overseas.phd,available,68,12%,8,"Hospitality,Travel",,,
septenary.phd,available,68,2%,9,Mathematics,,,
aculeate.phd,available,68,1%,8,"Engineering,Medicine,Science",,,
scurvy.phd,available,68,3%,6,Humanities,,,
achaean.phd,available,68,2%,7,Humanities,,,
achaian.phd,available,68,2%,7,Humanities,,,
fortieth.phd,available,68,1%,8,Mathematics,,,
ennead.phd,available,68,5%,6,Mathematics,,,
licensed.phd,available,68,5%,8,"Business,Healthcare,Insurance",,,
sevener.phd,available,68,1%,7,Mathematics,,,
vindicated.phd,available,68,2%,10,"Humanities,Law,Politics",,,
abnaki.phd,available,68,1%,6,Geography,,,
abkhas.phd,available,68,0%,6,Geography,,,
threesome.phd,available,68,5%,9,Entertainment,,,
disciple.phd,available,68,14%,8,"Education,Religion",,,
activating.phd,available,68,3%,10,"Healthcare,Manufacturing,Technology",,,
thirtieth.phd,available,68,1%,9,Mathematics,,,
ablative.phd,available,68,3%,8,Science,,,
acerate.phd,available,68,1%,7,Science,,,
aberdonian.phd,available,68,1%,10,Geography,,,
ane.phd,available,68,12%,3,Mathematics,,,
aroused.phd,available,68,3%,7,"Entertainment,Health and Fitness",,,
foursome.phd,available,68,4%,8,Sports,,,
exonerated.phd,available,66,2%,10,"Humanities,Law,Politics",,,
xxv.phd,available,66,6%,3,Mathematics,,,
acappella.phd,available,66,6%,10,Entertainment,,,
xiii.phd,available,66,9%,4,Mathematics,,,
adorned.phd,available,66,5%,7,"Entertainment,Fashion,Retail",,,
clv.phd,available,66,10%,3,Mathematics,,,
xxi.phd,available,66,10%,3,Mathematics,,,
eighty.phd,available,66,6%,6,Mathematics,,,
maven.phd,available,66,30%,5,"Entertainment,Fashion,Technology",,,
xxvi.phd,available,66,3%,4,Mathematics,,,
century.phd,available,66,17%,7,Education,,,
six.phd,available,66,26%,3,Mathematics,,,
acrobatic.phd,available,66,4%,9,"Entertainment,Sports",,,
ninety.phd,available,66,11%,6,Mathematics,,,
deuce.phd,available,66,8%,5,Sports,,,
performing.phd,available,66,6%,10,Entertainment,,,
sextet.phd,available,66,2%,6,Entertainment,,,
xxii.phd,available,66,6%,4,Mathematics,,,
tenner.phd,available,66,4%,6,Finance,,,
accessary.phd,available,66,1%,9,"Business,Law,Technology",,,
xviii.phd,available,66,4%,5,Mathematics,,,
abstinent.phd,available,66,1%,9,"Health and Fitness,Religion",,,
fifty.phd,available,66,13%,5,Mathematics,,,
five.phd,available,66,26%,4,Mathematics,,,
onec.phd,available,66,6%,5,Mathematics,,,
teenager.phd,available,66,4%,8,"Education,Entertainment,Healthcare",,,
acervate.phd,available,66,1%,8,Science,,,
thirty.phd,available,66,7%,6,Mathematics,,,
modish.phd,available,66,5%,6,Fashion,,,
xii.phd,available,66,10%,3,Mathematics,,,
xvii.phd,available,66,5%,4,Mathematics,,,
latest.phd,available,66,18%,6,Technology,,,
buzzing.phd,available,66,7%,7,"Entertainment,Media,Technology",,,
adopted.phd,available,66,4%,7,"Education,Healthcare",,,
four.phd,available,66,27%,4,Mathematics,,,
according.phd,available,66,3%,9,"Business,Education,Technology",,,
xvi.phd,available,66,4%,3,Mathematics,,,
deviant.phd,available,64,12%,7,"Medicine,Science",,,
aflame.phd,available,64,3%,6,Entertainment,,,
astringent.phd,available,64,1%,10,"Healthcare,Pharmaceuticals",,,
acentric.phd,available,64,2%,8,Science,,,
rising.phd,available,64,18%,6,"Construction,Manufacturing,Real Estate",,,
absolved.phd,available,64,1%,8,"Humanities,Law,Religion",,,
ccc.phd,available,64,38%,3,Mathematics,,,
adagio.phd,available,64,14%,6,Entertainment,,,
nondrinker.phd,available,64,1%,10,"Health and Fitness,Religion",,,
accordant.phd,available,64,3%,9,"Arts,Entertainment",,,
scatty.phd,available,64,1%,6,"Arts,Entertainment,Media",,,
admissible.phd,available,62,1%,10,"Education,Healthcare,Law",,,
roughly.phd,available,62,3%,7,"Business,Media,Technology",,,
twodozen.phd,available,62,1%,9,Mathematics,,,
wrapped.phd,available,62,13%,7,"Fashion,Hospitality,Retail",,,
eighteenth.phd,available,62,1%,10,Mathematics,,,
troika.phd,available,62,8%,6,Politics,,,
ensuant.phd,available,62,1%,7,"Healthcare,Insurance,Transportation",,,
cumulative.phd,available,62,2%,10,"Banking,Finance,Insurance",,,
quartet.phd,available,62,7%,7,"Arts,Entertainment",,,
activation.phd,available,62,16%,10,"Healthcare,Manufacturing,Technology",,,
exculpated.phd,available,62,1%,10,"Humanities,Law,Politics",,,
longdozen.phd,available,62,1%,10,Mathematics,,,
adjuvant.phd,available,62,5%,8,"Healthcare,Manufacturing,Technology",,,
sixteenth.phd,available,62,1%,9,Mathematics,,,
accusing.phd,available,62,1%,8,Law,,,
chiliad.phd,available,62,2%,7,Mathematics,,,
activistic.phd,available,62,1%,10,"Humanities,Politics",,,
nail.phd,available,62,16%,4,"Construction,Fashion,General,Retail",,,
acidic.phd,available,62,5%,6,"Food and Beverage,Science",,,
orso.phd,available,62,9%,5,"Business,Media,Technology",,,
accrued.phd,available,62,2%,7,"Banking,Finance,Insurance",,,
playacting.phd,available,62,1%,10,Entertainment,,,
abo.phd,available,62,15%,3,Science,,,
aufait.phd,available,62,3%,7,"Fashion,Media",,,
adoptive.phd,available,62,1%,8,"Education,Healthcare",,,
fortyfour.phd,available,62,6%,10,Mathematics,,,
eleventh.phd,available,62,5%,8,Mathematics,,,
pungent.phd,available,62,1%,7,Food and Beverage,,,
aborigine.phd,available,62,1%,9,Humanities,,,
adnexal.phd,available,60,1%,7,"Agriculture,Manufacturing,Retail",,,
acceptive.phd,available,60,1%,9,"Education,Healthcare",,,
annexal.phd,available,60,1%,7,"Agriculture,Manufacturing,Retail",,,
cxxx.phd,available,60,3%,4,Mathematics,,,
eightysix.phd,available,60,7%,10,Mathematics,,,
clxxv.phd,available,60,1%,5,Mathematics,,,
cxx.phd,available,60,9%,3,Mathematics,,,
cautionary.phd,available,60,1%,10,"Business,Education,Healthcare",,,
paunchy.phd,available,60,0%,7,"Health and Fitness,Medicine",,,
sixty.phd,available,60,13%,5,Mathematics,,,
cxl.phd,available,60,7%,3,Mathematics,,,
abashed.phd,available,60,1%,7,Humanities,,,
idolised.phd,available,60,1%,8,"Entertainment,Fashion,Retail",,,
abstainer.phd,available,60,0%,9,"Health and Fitness,Religion",,,
cxv.phd,available,60,4%,3,Mathematics,,,
clxv.phd,available,60,1%,4,Mathematics,,,
xcl.phd,available,60,5%,3,Mathematics,,,
aboveboard.phd,available,60,5%,10,"Business,Law",,,
idolized.phd,available,60,3%,8,"Entertainment,Fashion,Retail",,,
cxlv.phd,available,60,2%,4,Mathematics,,,
clx.phd,available,60,8%,3,Mathematics,,,
abstemious.phd,available,60,0%,10,"Food and Beverage,Health and Fitness,Hospitality",,,
clxxx.phd,available,60,1%,5,Mathematics,,,
octet.phd,available,60,12%,5,Arts,,,
cxxv.phd,available,60,1%,4,Mathematics,,,
adnate.phd,available,60,1%,6,"Agriculture,Manufacturing,Retail",,,
thou.phd,available,60,7%,4,Mathematics,,,
cxxxv.phd,available,60,1%,5,Mathematics,,,
clxx.phd,available,60,2%,4,Mathematics,,,
tertiary.phd,available,60,4%,8,Education,,,
tercet.phd,available,59,2%,6,"Arts,Entertainment,Media",,,
justabout.phd,available,58,3%,10,"Business,Media,Technology",,,
aucourant.phd,available,58,3%,10,"Fashion,Media",,,
acyclic.phd,available,58,4%,7,"Engineering,Mathematics,Science",,,
seventy.phd,available,58,7%,7,Mathematics,,,
octad.phd,available,58,5%,5,Mathematics,,,
alacarte.phd,available,58,11%,10,Food and Beverage,,,
accented.phd,available,58,3%,8,"Arts,Entertainment",,,
fourscore.phd,available,58,4%,9,Mathematics,,,
abridged.phd,available,58,4%,8,Media,,,
tetrad.phd,available,58,5%,6,Mathematics,,,
adient.phd,available,58,4%,6,"Medicine,Science",,,
quintet.phd,available,58,8%,7,"Arts,Entertainment",,,
lxxviii.phd,available,58,1%,7,Mathematics,,,
super.phd,available,58,47%,5,Business,,,
acetic.phd,available,58,1%,6,"Food and Beverage,Science",,,
enwrapped.phd,available,58,0%,9,"Entertainment,Fashion,Media",,,
adjustive.phd,available,58,1%,9,"Manufacturing,Retail,Technology",,,
sixer.phd,available,58,5%,5,Sports,,,
cypher.phd,available,58,28%,6,Mathematics,,,
accretive.phd,available,58,6%,9,"Banking,Finance,Insurance",,,
abuzz.phd,available,58,5%,5,"Entertainment,Media,Technology",,,
eighter.phd,available,58,2%,7,Mathematics,,,
fifth.phd,available,58,12%,5,Mathematics,,,
addressed.phd,available,58,3%,9,"Business,Technology,Telecommunications",,,
heptad.phd,available,58,2%,6,Mathematics,,,
twelfth.phd,available,58,2%,7,Mathematics,,,
ache.phd,available,58,7%,4,Healthcare,,,
centesimal.phd,available,58,1%,10,Mathematics,,,
fourth.phd,available,58,13%,6,Mathematics,,,
sextuplet.phd,available,58,1%,9,Healthcare,,,
offhanded.phd,available,58,1%,9,Entertainment,,,
seven.phd,available,58,35%,5,Mathematics,,,
abandoned.phd,available,58,10%,9,"Construction,Real Estate",,,
adhoc.phd,available,58,24%,6,"Business,Engineering,Technology",,,
hexad.phd,available,58,5%,5,Mathematics,,,
accoutred.phd,available,58,1%,9,"Fashion,Manufacturing,Retail",,,
addible.phd,available,58,2%,7,"Engineering,Mathematics,Science",,,
closeto.phd,available,58,3%,8,"Business,Media,Technology",,,
niner.phd,available,58,5%,5,Mathematics,,,
pentad.phd,available,58,3%,6,Mathematics,,,
abused.phd,available,58,5%,6,"Healthcare,Law",,,
sixtyone.phd,available,58,5%,9,Mathematics,,,
linear.phd,available,58,22%,6,"Engineering,Mathematics,Science",,,
lxxx.phd,available,58,2%,4,Mathematics,,,
actuarial.phd,available,58,8%,9,"Finance,Insurance,Mathematics",,,
xxxv.phd,available,56,4%,4,Mathematics,,,
xxxi.phd,available,56,8%,4,Mathematics,,,
fiftyfive.phd,available,56,8%,10,Mathematics,,,
xlviii.phd,available,56,1%,6,Mathematics,,,
thirtyone.phd,available,56,4%,10,Mathematics,,,
fortynine.phd,available,56,3%,10,Mathematics,,,
xxiv.phd,available,56,5%,4,Mathematics,,,
admissive.phd,available,56,1%,9,"Education,Healthcare,Hospitality",,,
lviii.phd,available,56,1%,5,Mathematics,,,
fortytwo.phd,available,56,17%,9,Mathematics,,,
abdominous.phd,available,56,0%,10,"Health and Fitness,Medicine",,,
xxxvii.phd,available,56,2%,6,Mathematics,,,
xlv.phd,available,56,6%,3,Mathematics,,,
xlvi.phd,available,56,3%,4,Mathematics,,,
admittible.phd,available,56,1%,10,"Education,Healthcare,Hospitality",,,
lvi.phd,available,56,8%,3,Mathematics,,,
xxix.phd,available,56,4%,4,Mathematics,,,
ilx.phd,available,56,6%,3,Mathematics,,,
fiftynine.phd,available,56,4%,10,Mathematics,,,
xlii.phd,available,56,5%,4,Mathematics,,,
fiftyfour.phd,available,56,4%,10,Mathematics,,,
liii.phd,available,56,4%,4,Mathematics,,,
xxxiii.phd,available,56,2%,6,Mathematics,,,
xxvii.phd,available,56,3%,5,Mathematics,,,
abeyant.phd,available,56,1%,7,"Business,Law",,,
addled.phd,available,56,2%,6,Entertainment,,,
lvii.phd,available,56,2%,4,Mathematics,,,
xliv.phd,available,56,3%,4,Mathematics,,,
xxxiv.phd,available,56,1%,5,Mathematics,,,
potbellied.phd,available,56,0%,10,"Health and Fitness,Medicine",,,
fortysix.phd,available,56,4%,9,Mathematics,,,
thirtysix.phd,available,56,5%,10,Mathematics,,,
xliii.phd,available,56,1%,5,Mathematics,,,
triad.phd,available,56,15%,5,Arts,,,
halfdozen.phd,available,56,1%,10,Mathematics,,,
accoutered.phd,available,56,0%,10,"Fashion,Manufacturing,Retail",,,
aone.phd,available,56,15%,5,Food and Beverage,,,
thirtytwo.phd,available,56,4%,10,Mathematics,,,
xxxii.phd,available,56,1%,5,Mathematics,,,
fiftyone.phd,available,56,8%,9,Mathematics,,,
xxiii.phd,available,56,4%,5,Mathematics,,,
xli.phd,available,56,5%,3,Mathematics,,,
terzetto.phd,available,56,3%,8,Arts,,,
xxxviii.phd,available,56,1%,7,Mathematics,,,
fiftytwo.phd,available,56,6%,9,Mathematics,,,
xxviii.phd,available,56,1%,6,Mathematics,,,
lii.phd,available,56,7%,3,Mathematics,,,
admittable.phd,available,56,1%,10,"Education,Healthcare,Hospitality",,,
xxxvi.phd,available,56,1%,5,Mathematics,,,
xlvii.phd,available,56,2%,5,Mathematics,,,
fiftysix.phd,available,56,4%,9,Mathematics,,,
maledict.phd,available,56,1%,8,Religion,,,
appressed.phd,available,56,0%,9,"Agriculture,Manufacturing,Retail",,,
fortyone.phd,available,56,5%,9,Mathematics,,,
twoscore.phd,available,54,2%,8,Mathematics,,,
abducens.phd,available,54,1%,8,Medicine,,,
sise.phd,available,54,5%,4,Mathematics,,,
accentual.phd,available,54,3%,9,"Arts,Entertainment",,,
adducent.phd,available,54,1%,8,"Engineering,Mathematics,Science",,,
unnatural.phd,available,54,4%,9,"Medicine,Science",,,
adjuratory.phd,available,54,0%,10,"Law,Politics,Religion",,,
quadruplet.phd,available,54,1%,10,"Healthcare,Medicine,Science",,,
ternion.phd,available,54,3%,7,Mathematics,,,
quaternity.phd,available,54,4%,10,Mathematics,,,
quaternion.phd,available,54,6%,10,Mathematics,,,
vii.phd,available,54,13%,3,Mathematics,,,
quatern.phd,available,54,2%,7,Mathematics,,,
acoustical.phd,available,54,4%,10,Science,,,
adductive.phd,available,54,0%,9,"Engineering,Mathematics,Science",,,
aboral.phd,available,54,2%,6,Science,,,
scratchy.phd,available,54,3%,8,Fashion,,,
abient.phd,available,54,1%,6,Science,,,
iii.phd,available,54,24%,3,Mathematics,,,
achy.phd,available,54,3%,4,Healthcare,,,
abhorrent.phd,available,54,1%,9,Humanities,,,
achromatic.phd,available,54,4%,10,Science,,,
abatic.phd,available,54,1%,6,Science,,,
deserted.phd,available,54,3%,8,"Hospitality,Real Estate",,,
actuated.phd,available,54,2%,8,"Automotive,Manufacturing,Technology",,,
deuceace.phd,available,54,1%,9,Sports,,,
admonitory.phd,available,54,0%,10,"Business,Education,Healthcare",,,
adpressed.phd,available,54,0%,9,"Agriculture,Manufacturing,Retail",,,
threescore.phd,available,54,2%,10,Mathematics,,,
fortyfive.phd,available,54,5%,10,Mathematics,,,
accursed.phd,available,54,3%,8,"Entertainment,Media,Religion",,,
quintuplet.phd,available,54,1%,10,"Healthcare,Medicine,Science",,,
abaxial.phd,available,54,1%,7,Science,,,
abasic.phd,available,54,1%,6,Science,,,
topnotch.phd,available,54,18%,8,Business,,,
abatable.phd,available,54,1%,8,Law,,,
monitory.phd,available,54,3%,8,"Business,Education,Healthcare",,,
adducting.phd,available,54,1%,9,"Engineering,Mathematics,Science",,,
fin.phd,available,54,30%,3,Finance,,,
viii.phd,available,54,6%,4,Mathematics,,,
adaxial.phd,available,54,2%,7,Science,,,
septet.phd,available,53,1%,6,General,,,
sestet.phd,available,53,1%,6,Arts,,,
xxx.phd,available,53,30%,3,"Arts,Entertainment,Media",,,
lxxxii.phd,available,52,1%,6,Mathematics,,,
lxxxvi.phd,available,52,1%,6,Mathematics,,,
xcii.phd,available,52,2%,4,Mathematics,,,
aboulic.phd,available,52,1%,7,Medicine,,,
lxxxi.phd,available,52,1%,5,Mathematics,,,
lxxxiii.phd,available,52,1%,7,Mathematics,,,
sixtytwo.phd,available,52,3%,9,Mathematics,,,
xcvi.phd,available,52,2%,4,Mathematics,,,
littlejoe.phd,available,52,2%,10,"Entertainment,Media",,,
eightytwo.phd,available,52,4%,10,Mathematics,,,
lxxxvii.phd,available,52,1%,7,Mathematics,,,
lxi.phd,available,52,5%,3,Mathematics,,,
repulsive.phd,available,52,1%,9,Humanities,,,
lxii.phd,available,52,2%,4,Mathematics,,,
lxv.phd,available,52,5%,3,Mathematics,,,
abusive.phd,available,52,3%,7,"Healthcare,Law",,,
lxxiv.phd,available,52,1%,5,Mathematics,,,
xcv.phd,available,52,7%,3,Mathematics,,,
ablated.phd,available,52,1%,7,Science,,,
ninetytwo.phd,available,52,4%,10,Mathematics,,,
ninetyone.phd,available,52,5%,10,Mathematics,,,
decumbent.phd,available,52,1%,9,"Healthcare,Medicine,Science",,,
lxxxiv.phd,available,52,1%,6,Mathematics,,,
uphill.phd,available,52,7%,6,"Sports,Transportation,Travel",,,
sixtysix.phd,available,52,5%,9,Mathematics,,,
lxviii.phd,available,52,2%,6,Mathematics,,,
lxiii.phd,available,52,2%,5,Mathematics,,,
repugnant.phd,available,52,1%,9,Humanities,,,
detestable.phd,available,52,1%,10,Humanities,,,
abominable.phd,available,52,2%,10,"Entertainment,Humanities",,,
abstruse.phd,available,52,5%,8,"Humanities,Mathematics,Science",,,
lxxiii.phd,available,52,2%,6,Mathematics,,,
abysmal.phd,available,52,4%,7,"Arts,Entertainment,Media",,,
lxxv.phd,available,52,2%,4,Mathematics,,,
lxiv.phd,available,52,3%,4,Mathematics,,,
lxvi.phd,available,52,3%,4,Mathematics,,,
ixc.phd,available,52,5%,3,Mathematics,,,
lxxii.phd,available,52,1%,5,Mathematics,,,
sixtyfour.phd,available,52,4%,10,Mathematics,,,
eightyone.phd,available,52,3%,10,Mathematics,,,
xcviii.phd,available,52,1%,6,Mathematics,,,
ixl.phd,available,52,9%,3,Mathematics,,,
ninetysix.phd,available,52,4%,10,Mathematics,,,
chagrined.phd,available,52,1%,9,Humanities,,,
lxxvi.phd,available,52,1%,5,Mathematics,,,
adenoidal.phd,available,52,1%,9,"Health and Fitness,Medicine,Science",,,
xci.phd,available,52,4%,3,Mathematics,,,
lxvii.phd,available,52,1%,5,Mathematics,,,
sixtyfive.phd,available,52,3%,10,Mathematics,,,
odious.phd,available,52,2%,6,"Entertainment,Humanities",,,
xciv.phd,available,52,2%,4,Mathematics,,,
lxxvii.phd,available,52,2%,6,Mathematics,,,
xcvii.phd,available,52,1%,5,Mathematics,,,
lxxi.phd,available,52,2%,4,Mathematics,,,
xciii.phd,available,52,1%,5,Mathematics,,,
tierce.phd,available,52,3%,6,General,,,
lxxxv.phd,available,52,1%,5,Mathematics,,,
acquitted.phd,available,50,1%,9,Law,,,
triplet.phd,available,50,8%,7,Science,,,
spinous.phd,available,50,1%,7,"Agriculture,Science",,,
quint.phd,available,50,13%,5,"Arts,Entertainment",,,
adhominem.phd,available,50,2%,10,"Humanities,Law,Politics",,,
abranchial.phd,available,50,0%,10,Science,,,
acerb.phd,available,50,2%,5,Science,,,
acerose.phd,available,50,1%,7,Science,,,
broached.phd,available,50,0%,8,Food and Beverage,,,
acaudal.phd,available,50,1%,7,"Agriculture,Science",,,
ogdoad.phd,available,50,1%,6,Mathematics,,,
gillless.phd,available,50,0%,9,Science,,,
cinque.phd,available,50,7%,6,Mathematics,,,
acapnic.phd,available,50,0%,7,"Healthcare,Medicine,Science",,,
acapnotic.phd,available,50,0%,9,"Healthcare,Medicine,Science",,,
vinegary.phd,available,50,1%,8,Food and Beverage,,,
abducting.phd,available,50,0%,9,Medicine,,,
adactylous.phd,available,50,0%,10,Science,,,
aculeated.phd,available,50,0%,9,"Engineering,Medicine,Science",,,
abomasal.phd,available,50,0%,8,Agriculture,,,
trine.phd,available,50,11%,5,"General,Religion",,,
lxx.phd,available,50,5%,3,Mathematics,,,
acellular.phd,available,50,1%,9,Science,,,
needlelike.phd,available,50,0%,10,"Engineering,Medicine,Science",,,
acetose.phd,available,50,1%,7,Science,,,
abbatial.phd,available,50,0%,8,Religion,,,
scummy.phd,available,50,1%,6,Humanities,,,
acerbic.phd,available,50,2%,7,"Arts,Humanities,Media",,,
abdicable.phd,available,50,0%,9,Law,,,
aborticide.phd,available,50,0%,10,Medicine,,,
abactinal.phd,available,50,0%,9,Science,,,
acetous.phd,available,50,1%,7,Science,,,
execrable.phd,available,48,0%,9,"Entertainment,Humanities",,,
ilxxx.phd,available,48,1%,5,Mathematics,,,
abstracted.phd,available,48,5%,10,"Arts,Humanities,Science",,,
abyssal.phd,available,48,12%,7,"Arts,Entertainment,Media",,,
lxxxviii.phd,available,48,1%,8,Mathematics,,,
notguilty.phd,available,48,5%,10,Law,,,
apriori.phd,available,48,13%,8,Mathematics,,,
ilxx.phd,available,48,1%,4,Mathematics,,,
acanthoid.phd,available,46,1%,9,"Agriculture,Science",,,
acanthotic.phd,available,46,0%,10,"Agriculture,Science",,,
stripling.phd,available,46,2%,9,"Education,Entertainment,Healthcare",,,
acetylenic.phd,available,46,1%,10,Science,,,
acapnial.phd,available,46,0%,8,"Healthcare,Medicine,Science",,,
achromous.phd,available,46,1%,9,Science,,,
achenial.phd,available,46,1%,8,Science,,,
quaternary.phd,available,46,3%,10,Mathematics,,,
acaudate.phd,available,46,1%,8,"Agriculture,Science",,,
cotyloid.phd,available,46,1%,8,Science,,,
acephalous.phd,available,46,1%,10,Science,,,
stemless.phd,available,46,2%,8,"Agriculture,Science",,,
acetylic.phd,available,46,1%,8,Science,,,
acanthous.phd,available,46,0%,9,"Agriculture,Science",,,
theabsurd.phd,available,46,1%,10,"Arts,Entertainment,Media",,,
acicular.phd,available,46,2%,8,Science,,,
acetonic.phd,available,46,1%,8,Science,,,
acheronian.phd,available,46,1%,10,Humanities,,,
acetabular.phd,available,46,1%,10,Science,,,
vinegarish.phd,available,46,1%,10,Food and Beverage,,,
achromic.phd,available,46,2%,8,Science,,,
acarpelous.phd,available,46,0%,10,"Agriculture,Science",,,
acarpous.phd,available,46,0%,8,"Agriculture,Science",,,
cotyloidal.phd,available,44,1%,10,Science,,,
acherontic.phd,available,44,1%,10,Humanities,,,
accusatory.phd,available,44,1%,10,Law,,,
phoebe.phd,available,41,14%,6,Science,,,
abscessed.phd,available,41,0%,9,Healthcare,,,
accurst.phd,available,40,1%,7,Religion,,,
accusive.phd,available,40,1%,8,Law,,,
scurrilous.phd,available,40,1%,10,"Entertainment,Media,Politics",,,